{"skeleton":{"hash":"5VZbjn+raXw","spine":"4.0.59","x":-302.13,"y":0.37,"width":575.5,"height":719.05,"images":"./PlantArt/","audio":""},"bones":[{"name":"root"},{"name":"bone","parent":"root","length":465.04,"rotation":89.26,"x":-3,"y":-2},{"name":"bone2","parent":"bone","length":172.03,"rotation":91.74,"x":142.59,"y":32.84},{"name":"bone3","parent":"bone","length":151.01,"rotation":-88.5,"x":266.4,"y":-29.57},{"name":"bone4","parent":"bone","length":176,"rotation":90.41,"x":405.71,"y":25.24},{"name":"bone5","parent":"bone","length":140.8,"rotation":2.81,"x":554.42,"y":0.14}],"slots":[{"name":"Temp_Leaf","bone":"bone2","attachment":"Alive_Leaf"},{"name":"Temp_Leaf2","bone":"bone3","attachment":"Alive_Leaf"},{"name":"Temp_Leaf3","bone":"bone4","attachment":"Alive_Leaf"},{"name":"Temp_Stalk","bone":"bone","attachment":"Stem_"},{"name":"Flower","bone":"bone5","attachment":"Flower"}],"skins":[{"name":"default","attachments":{"Flower":{"Flower":{"x":79.19,"y":3.48,"scaleX":0.677,"scaleY":0.616,"rotation":87.6,"width":540,"height":540}},"Temp_Leaf":{"Alive_Leaf":{"x":116.99,"y":3.45,"scaleX":0.5,"scaleY":0.25,"rotation":178.59,"width":540,"height":540},"Dead_Leaf":{"x":123.77,"y":6.28,"scaleX":0.5,"scaleY":0.25,"rotation":179,"width":540,"height":540}},"Temp_Leaf2":{"Alive_Leaf":{"x":108.44,"y":5.09,"scaleX":-0.5,"scaleY":0.25,"rotation":-0.76,"width":540,"height":540},"Dead_Leaf":{"x":103.4,"y":6.78,"scaleX":-0.5,"scaleY":0.25,"rotation":-0.76,"width":540,"height":540}},"Temp_Leaf3":{"Alive_Leaf":{"x":144.1,"y":6.83,"scaleX":0.5,"scaleY":0.25,"rotation":-179.67,"width":540,"height":540},"Dead_Leaf":{"x":147.44,"y":3.39,"scaleX":0.5,"scaleY":0.25,"rotation":-179.67,"width":540,"height":540}},"Temp_Stalk":{"Stem_":{"x":295.24,"y":3.39,"scaleY":1.0848,"rotation":-89.26,"width":540,"height":540}}}}],"animations":{"animation":{"slots":{"Temp_Leaf":{"attachment":[{"time":5.4,"name":"Dead_Leaf"}]},"Temp_Leaf2":{"attachment":[{"time":9.0667,"name":"Dead_Leaf"}]},"Temp_Leaf3":{"attachment":[{"time":12.4333,"name":"Dead_Leaf"}]}},"bones":{"bone":{"rotate":[{"time":18.4333,"curve":[19.778,0,19.401,3.54]},{"time":20.5333,"value":-88.42}],"scale":[{"x":0.03,"y":0.15,"curve":[0.333,0.03,0.633,1,0.333,0.15,0.633,1]},{"time":0.9667,"curve":"stepped"},{"time":6.5333,"curve":[10.8,1,15.067,1,10.8,1,15.068,1.006]},{"time":19.3333,"curve":[20.678,1,19.222,1,19.686,1,20.157,0.421]},{"time":20.5667,"y":0.203}]},"bone2":{"translate":[{"y":-41.21,"curve":"stepped"},{"time":0.7333,"y":-41.21,"curve":[1.006,0,1.287,0,1.006,-41.21,1.287,0]},{"time":1.5667,"curve":"stepped"},{"time":6.5333,"curve":[6.722,0,6.911,-24.05,6.722,0,6.911,39.01]},{"time":7.1,"x":-24.05,"y":39.01,"curve":[7.222,-24.05,7.344,-63.07,7.222,39.01,7.344,12.38]},{"time":7.4667,"x":-63.07,"y":12.38,"curve":[7.656,-63.07,7.844,-135.07,7.656,12.38,7.844,-129.61]},{"time":8.0333,"x":-135.07,"y":-129.61}],"scale":[{"x":0.088,"y":0.061,"curve":"stepped"},{"time":0.7,"x":0.088,"y":0.061,"curve":[0.811,0.088,0.922,1,0.811,0.061,0.922,1]},{"time":1.0333,"curve":"stepped"},{"time":6.5333,"curve":[7.033,1,7.533,1,7.033,1,7.533,0]},{"time":8.0333,"y":0}]},"bone3":{"translate":[{"y":35.96,"curve":"stepped"},{"time":1.6,"y":35.96,"curve":[1.667,0,1.733,0,1.667,35.96,1.733,0]},{"time":1.8,"curve":"stepped"},{"time":10.2333,"curve":[10.433,0,10.633,-78.08,10.433,0,10.633,181.86]},{"time":10.8333,"x":-78.08,"y":181.86,"curve":[11.044,-78.08,11.256,-144.34,11.044,181.86,11.256,-33.09]},{"time":11.4667,"x":-144.34,"y":-33.09,"curve":[11.767,-144.34,12.067,-266.4,11.767,-33.09,12.067,245.76]},{"time":12.3667,"x":-266.4,"y":245.76}],"scale":[{"x":0.022,"y":0.191,"curve":"stepped"},{"time":1.4667,"x":0.022,"y":0.191,"curve":[1.578,0.022,1.689,1,1.578,0.191,1.689,1]},{"time":1.8,"curve":"stepped"},{"time":10.2333,"curve":[10.944,1,11.656,1,10.944,1,11.656,0]},{"time":12.3667,"y":0}]},"bone4":{"translate":[{"time":13.8667,"curve":[14.256,0,14.644,-129.14,14.256,0,14.644,-286.99]},{"time":15.0333,"x":-129.14,"y":-286.99,"curve":[15.444,-129.14,15.856,-253.12,15.444,-286.99,15.856,86.93]},{"time":16.2667,"x":-253.12,"y":86.93,"curve":[16.711,-253.12,17.156,-400.32,16.711,86.93,17.156,-317.04]},{"time":17.6,"x":-400.32,"y":-317.04}],"scale":[{"x":0.012,"y":0.31,"curve":"stepped"},{"time":2.2,"x":0.012,"y":0.31,"curve":[2.311,0.012,2.656,1,2.311,0.31,2.656,1]},{"time":2.7667,"curve":"stepped"},{"time":13.8667,"curve":[15.111,1,16.356,1,15.111,1,16.356,0]},{"time":17.6,"y":0}]},"bone5":{"rotate":[{"time":2.7,"curve":[3.167,2.34,3.633,7.03]},{"time":4.1,"value":7.03,"curve":[4.633,7.03,5.167,-10.84]},{"time":5.7,"value":-10.84,"curve":[6.578,-10.84,7.456,7.03]},{"time":8.3333,"value":7.03,"curve":[8.867,7.03,9.4,-10.84]},{"time":9.9333,"value":-10.84,"curve":[10.5,-10.84,11.067,7.03]},{"time":11.6333,"value":7.03,"curve":[12.167,7.03,12.7,-10.84]},{"time":13.2333,"value":-10.84,"curve":[13.744,-10.84,14.256,7.03]},{"time":14.7667,"value":7.03,"curve":[15.3,7.03,15.833,-4.88]},{"time":16.3667,"value":-10.84}],"scale":[{"x":0,"y":0,"curve":"stepped"},{"time":0.5333,"x":0,"y":0},{"time":2.1667,"curve":"stepped"},{"time":12},{"time":18.2333,"x":0,"y":0}]}}}}}